epoch,ts_utc,local_time,temperature_2m,precipitation,rain,snowfall,snow_depth,weather_code,wind_speed_10m,wind_gusts_10m
1790812800,2026-10-01T00:00:00Z,2026-09-30 19:00:00,17.2,0.0,0.0,0.0,0.0,3,14.8,34.2
1790816400,2026-10-01T01:00:00Z,2026-09-30 20:00:00,17.3,0.0,0.0,0.0,0.0,3,12.7,37.1
1790820000,2026-10-01T02:00:00Z,2026-09-30 21:00:00,17.5,0.4,0.4,0.0,0.0,51,11.6,26.3
1790823600,2026-10-01T03:00:00Z,2026-09-30 22:00:00,17.6,0.0,0.0,0.0,0.0,3,6.4,12.6
1790827200,2026-10-01T04:00:00Z,2026-09-30 23:00:00,17.6,0.0,0.0,0.0,0.0,3,7.8,13.0
1790830800,2026-10-01T05:00:00Z,2026-10-01 00:00:00,17.4,0.0,0.0,0.0,0.0,3,4.3,9.4
1790834400,2026-10-01T06:00:00Z,2026-10-01 01:00:00,17.4,0.0,0.0,0.0,0.0,3,1.1,4.3
1790838000,2026-10-01T07:00:00Z,2026-10-01 02:00:00,17.2,0.0,0.0,0.0,0.0,3,5.1,5.4
1790841600,2026-10-01T08:00:00Z,2026-10-01 03:00:00,17.5,0.0,0.0,0.0,0.0,3,6.1,10.1
1790845200,2026-10-01T09:00:00Z,2026-10-01 04:00:00,17.6,0.0,0.0,0.0,0.0,3,11.0,15.8
1790848800,2026-10-01T10:00:00Z,2026-10-01 05:00:00,17.5,0.4,0.4,0.0,0.0,51,3.6,7.9
1790852400,2026-10-01T11:00:00Z,2026-10-01 06:00:00,17.6,0.4,0.4,0.0,0.0,51,8.7,14.0
1790856000,2026-10-01T12:00:00Z,2026-10-01 07:00:00,18.1,0.0,0.0,0.0,0.0,3,13.7,20.2
1790859600,2026-10-01T13:00:00Z,2026-10-01 08:00:00,18.6,0.0,0.0,0.0,0.0,2,9.7,18.7
1790863200,2026-10-01T14:00:00Z,2026-10-01 09:00:00,19.5,0.0,0.0,0.0,0.0,3,10.8,16.6
1790866800,2026-10-01T15:00:00Z,2026-10-01 10:00:00,19.9,0.0,0.0,0.0,0.0,3,11.8,23.8
1790870400,2026-10-01T16:00:00Z,2026-10-01 11:00:00,21.6,0.0,0.0,0.0,0.0,3,10.4,31.0
1790874000,2026-10-01T17:00:00Z,2026-10-01 12:00:00,21.7,0.0,0.0,0.0,0.0,3,8.9,30.2
1790877600,2026-10-01T18:00:00Z,2026-10-01 13:00:00,21.9,0.0,0.0,0.0,0.0,3,14.3,34.2
1790881200,2026-10-01T19:00:00Z,2026-10-01 14:00:00,22.1,0.0,0.0,0.0,0.0,3,14.6,35.3
1790884800,2026-10-01T20:00:00Z,2026-10-01 15:00:00,21.8,0.4,0.4,0.0,0.0,51,15.7,37.8
1790888400,2026-10-01T21:00:00Z,2026-10-01 16:00:00,21.0,0.4,0.4,0.0,0.0,51,5.1,24.5
1790892000,2026-10-01T22:00:00Z,2026-10-01 17:00:00,18.5,0.4,0.4,0.0,0.0,51,24.5,35.3
1790895600,2026-10-01T23:00:00Z,2026-10-01 18:00:00,17.3,0.0,0.0,0.0,0.0,3,22.1,31.3
1790899200,2026-10-02T00:00:00Z,2026-10-01 19:00:00,17.3,0.0,0.0,0.0,0.0,3,24.0,43.9
1790902800,2026-10-02T01:00:00Z,2026-10-01 20:00:00,16.4,1.4,1.4,0.0,0.0,61,18.1,34.2
1790906400,2026-10-02T02:00:00Z,2026-10-01 21:00:00,16.4,2.9,2.9,0.0,0.0,63,16.6,36.7
1790910000,2026-10-02T03:00:00Z,2026-10-01 22:00:00,16.3,1.1,1.1,0.0,0.0,55,16.6,34.2
1790913600,2026-10-02T04:00:00Z,2026-10-01 23:00:00,16.4,0.7,0.7,0.0,0.0,53,14.2,23.4
1790917200,2026-10-02T05:00:00Z,2026-10-02 00:00:00,16.3,2.5,2.5,0.0,0.0,63,15.4,26.6
1790920800,2026-10-02T06:00:00Z,2026-10-02 01:00:00,16.3,0.4,0.4,0.0,0.0,51,9.7,27.7
1790924400,2026-10-02T07:00:00Z,2026-10-02 02:00:00,16.1,0.0,0.0,0.0,0.0,3,10.2,23.4
1790928000,2026-10-02T08:00:00Z,2026-10-02 03:00:00,15.8,0.0,0.0,0.0,0.0,3,13.3,31.7
1790931600,2026-10-02T09:00:00Z,2026-10-02 04:00:00,15.3,0.0,0.0,0.0,0.0,3,19.7,36.0
1790935200,2026-10-02T10:00:00Z,2026-10-02 05:00:00,14.3,0.0,0.0,0.0,0.0,2,20.7,40.0
1790938800,2026-10-02T11:00:00Z,2026-10-02 06:00:00,13.8,0.0,0.0,0.0,0.0,0,21.9,34.2
1790942400,2026-10-02T12:00:00Z,2026-10-02 07:00:00,13.9,0.0,0.0,0.0,0.0,0,20.9,35.6
1790946000,2026-10-02T13:00:00Z,2026-10-02 08:00:00,14.4,0.0,0.0,0.0,0.0,0,18.8,34.2
1790949600,2026-10-02T14:00:00Z,2026-10-02 09:00:00,15.5,0.0,0.0,0.0,0.0,2,20.1,31.7
1790953200,2026-10-02T15:00:00Z,2026-10-02 10:00:00,16.6,0.0,0.0,0.0,0.0,0,20.2,30.2
1790956800,2026-10-02T16:00:00Z,2026-10-02 11:00:00,16.7,0.0,0.0,0.0,0.0,0,24.2,32.4
1790960400,2026-10-02T17:00:00Z,2026-10-02 12:00:00,17.5,0.0,0.0,0.0,0.0,0,22.6,27.7
1790964000,2026-10-02T18:00:00Z,2026-10-02 13:00:00,17.4,0.0,0.0,0.0,0.0,0,19.8,25.9
1790967600,2026-10-02T19:00:00Z,2026-10-02 14:00:00,17.3,0.0,0.0,0.0,0.0,0,18.0,22.0
1790971200,2026-10-02T20:00:00Z,2026-10-02 15:00:00,16.8,0.0,0.0,0.0,0.0,0,17.9,24.5
1790974800,2026-10-02T21:00:00Z,2026-10-02 16:00:00,16.0,0.0,0.0,0.0,0.0,0,15.7,20.9
1790978400,2026-10-02T22:00:00Z,2026-10-02 17:00:00,15.5,0.0,0.0,0.0,0.0,0,12.7,20.2
1790982000,2026-10-02T23:00:00Z,2026-10-02 18:00:00,14.4,0.0,0.0,0.0,0.0,0,11.8,18.7
1790985600,2026-10-03T00:00:00Z,2026-10-02 19:00:00,13.5,0.0,0.0,0.0,0.0,0,9.0,12.2
1790989200,2026-10-03T01:00:00Z,2026-10-02 20:00:00,13.0,0.0,0.0,0.0,0.0,0,12.5,16.9
1790992800,2026-10-03T02:00:00Z,2026-10-02 21:00:00,12.8,0.0,0.0,0.0,0.0,0,10.6,13.3
1790996400,2026-10-03T03:00:00Z,2026-10-02 22:00:00,12.4,0.0,0.0,0.0,0.0,0,13.2,18.4
1791000000,2026-10-03T04:00:00Z,2026-10-02 23:00:00,12.6,0.0,0.0,0.0,0.0,0,15.0,20.9
1791003600,2026-10-03T05:00:00Z,2026-10-03 00:00:00,12.2,0.0,0.0,0.0,0.0,0,14.3,20.2
1791007200,2026-10-03T06:00:00Z,2026-10-03 01:00:00,12.5,0.0,0.0,0.0,0.0,0,16.8,23.4
1791010800,2026-10-03T07:00:00Z,2026-10-03 02:00:00,12.3,0.0,0.0,0.0,0.0,0,18.3,25.2
1791014400,2026-10-03T08:00:00Z,2026-10-03 03:00:00,12.0,0.0,0.0,0.0,0.0,0,13.8,20.5
1791018000,2026-10-03T09:00:00Z,2026-10-03 04:00:00,11.7,0.0,0.0,0.0,0.0,0,11.8,15.5
1791021600,2026-10-03T10:00:00Z,2026-10-03 05:00:00,11.4,0.0,0.0,0.0,0.0,0,11.9,16.2
1791025200,2026-10-03T11:00:00Z,2026-10-03 06:00:00,11.5,0.0,0.0,0.0,0.0,0,10.5,14.0
1791028800,2026-10-03T12:00:00Z,2026-10-03 07:00:00,11.6,0.0,0.0,0.0,0.0,0,10.9,14.4
1791032400,2026-10-03T13:00:00Z,2026-10-03 08:00:00,12.6,0.0,0.0,0.0,0.0,0,9.4,12.2
1791036000,2026-10-03T14:00:00Z,2026-10-03 09:00:00,15.1,0.0,0.0,0.0,0.0,0,10.7,12.6
1791039600,2026-10-03T15:00:00Z,2026-10-03 10:00:00,15.6,0.0,0.0,0.0,0.0,0,13.1,17.3
1791043200,2026-10-03T16:00:00Z,2026-10-03 11:00:00,16.8,0.0,0.0,0.0,0.0,0,10.7,14.8
1791046800,2026-10-03T17:00:00Z,2026-10-03 12:00:00,17.8,0.0,0.0,0.0,0.0,0,7.9,14.0
1791050400,2026-10-03T18:00:00Z,2026-10-03 13:00:00,18.5,0.0,0.0,0.0,0.0,0,8.3,16.2
1791054000,2026-10-03T19:00:00Z,2026-10-03 14:00:00,18.9,0.0,0.0,0.0,0.0,0,9.4,14.8
1791057600,2026-10-03T20:00:00Z,2026-10-03 15:00:00,19.4,0.0,0.0,0.0,0.0,0,10.9,15.8
1791061200,2026-10-03T21:00:00Z,2026-10-03 16:00:00,18.9,0.0,0.0,0.0,0.0,0,9.7,16.2
1791064800,2026-10-03T22:00:00Z,2026-10-03 17:00:00,17.9,0.0,0.0,0.0,0.0,0,8.4,17.3
1791068400,2026-10-03T23:00:00Z,2026-10-03 18:00:00,17.1,0.0,0.0,0.0,0.0,0,8.8,18.7
1791072000,2026-10-04T00:00:00Z,2026-10-03 19:00:00,15.6,0.0,0.0,0.0,0.0,0,12.7,28.8
1791075600,2026-10-04T01:00:00Z,2026-10-03 20:00:00,14.4,0.0,0.0,0.0,0.0,0,11.0,23.0
1791079200,2026-10-04T02:00:00Z,2026-10-03 21:00:00,14.0,0.0,0.0,0.0,0.0,0,6.9,14.4
1791082800,2026-10-04T03:00:00Z,2026-10-03 22:00:00,13.5,0.0,0.0,0.0,0.0,0,11.5,24.1
1791086400,2026-10-04T04:00:00Z,2026-10-03 23:00:00,12.7,0.0,0.0,0.0,0.0,3,10.5,21.2
1791090000,2026-10-04T05:00:00Z,2026-10-04 00:00:00,12.8,0.0,0.0,0.0,0.0,3,10.6,26.3
1791093600,2026-10-04T06:00:00Z,2026-10-04 01:00:00,12.8,0.0,0.0,0.0,0.0,1,7.2,23.4
1791097200,2026-10-04T07:00:00Z,2026-10-04 02:00:00,12.4,0.0,0.0,0.0,0.0,0,13.1,29.5
1791100800,2026-10-04T08:00:00Z,2026-10-04 03:00:00,11.7,0.0,0.0,0.0,0.0,0,8.8,25.2
1791104400,2026-10-04T09:00:00Z,2026-10-04 04:00:00,10.9,0.0,0.0,0.0,0.0,0,7.4,21.2
1791108000,2026-10-04T10:00:00Z,2026-10-04 05:00:00,10.5,0.0,0.0,0.0,0.0,0,8.9,25.2
1791111600,2026-10-04T11:00:00Z,2026-10-04 06:00:00,10.1,0.0,0.0,0.0,0.0,0,7.3,23.4
1791115200,2026-10-04T12:00:00Z,2026-10-04 07:00:00,10.2,0.0,0.0,0.0,0.0,0,9.2,25.9
1791118800,2026-10-04T13:00:00Z,2026-10-04 08:00:00,11.4,0.0,0.0,0.0,0.0,0,10.2,29.5
1791122400,2026-10-04T14:00:00Z,2026-10-04 09:00:00,14.1,0.0,0.0,0.0,0.0,0,10.9,23.0
1791126000,2026-10-04T15:00:00Z,2026-10-04 10:00:00,16.9,0.0,0.0,0.0,0.0,0,10.8,17.6
1791129600,2026-10-04T16:00:00Z,2026-10-04 11:00:00,18.6,0.0,0.0,0.0,0.0,0,8.6,16.2
1791133200,2026-10-04T17:00:00Z,2026-10-04 12:00:00,21.0,0.0,0.0,0.0,0.0,0,12.4,24.1
1791136800,2026-10-04T18:00:00Z,2026-10-04 13:00:00,21.5,0.0,0.0,0.0,0.0,0,11.0,20.9
1791140400,2026-10-04T19:00:00Z,2026-10-04 14:00:00,21.4,0.0,0.0,0.0,0.0,0,14.9,21.6
1791144000,2026-10-04T20:00:00Z,2026-10-04 15:00:00,21.0,0.0,0.0,0.0,0.0,0,12.5,19.4
1791147600,2026-10-04T21:00:00Z,2026-10-04 16:00:00,20.6,0.0,0.0,0.0,0.0,0,10.2,16.9
1791151200,2026-10-04T22:00:00Z,2026-10-04 17:00:00,19.1,0.0,0.0,0.0,0.0,0,4.1,12.2
1791154800,2026-10-04T23:00:00Z,2026-10-04 18:00:00,18.1,0.0,0.0,0.0,0.0,0,2.7,15.5
1791158400,2026-10-05T00:00:00Z,2026-10-04 19:00:00,16.3,0.0,0.0,0.0,0.0,0,2.2,5.4
1791162000,2026-10-05T01:00:00Z,2026-10-04 20:00:00,14.9,0.0,0.0,0.0,0.0,0,6.6,9.7
1791165600,2026-10-05T02:00:00Z,2026-10-04 21:00:00,13.4,0.0,0.0,0.0,0.0,0,5.7,5.8
1791169200,2026-10-05T03:00:00Z,2026-10-04 22:00:00,12.3,0.0,0.0,0.0,0.0,0,10.5,19.8
1791172800,2026-10-05T04:00:00Z,2026-10-04 23:00:00,11.5,0.0,0.0,0.0,0.0,0,5.1,9.7
1791176400,2026-10-05T05:00:00Z,2026-10-05 00:00:00,10.9,0.0,0.0,0.0,0.0,0,7.7,16.2
1791180000,2026-10-05T06:00:00Z,2026-10-05 01:00:00,10.7,0.0,0.0,0.0,0.0,0,7.7,30.2
1791183600,2026-10-05T07:00:00Z,2026-10-05 02:00:00,9.8,0.0,0.0,0.0,0.0,0,5.4,18.7
1791187200,2026-10-05T08:00:00Z,2026-10-05 03:00:00,9.5,0.0,0.0,0.0,0.0,0,7.3,18.0
1791190800,2026-10-05T09:00:00Z,2026-10-05 04:00:00,8.8,0.0,0.0,0.0,0.0,0,5.9,14.8
1791194400,2026-10-05T10:00:00Z,2026-10-05 05:00:00,8.8,0.0,0.0,0.0,0.0,0,4.7,13.0
1791198000,2026-10-05T11:00:00Z,2026-10-05 06:00:00,8.1,0.0,0.0,0.0,0.0,0,4.4,7.2
1791201600,2026-10-05T12:00:00Z,2026-10-05 07:00:00,8.1,0.0,0.0,0.0,0.0,1,7.2,12.2
1791205200,2026-10-05T13:00:00Z,2026-10-05 08:00:00,9.4,0.0,0.0,0.0,0.0,0,6.6,11.2
1791208800,2026-10-05T14:00:00Z,2026-10-05 09:00:00,12.4,0.0,0.0,0.0,0.0,0,7.4,14.4
1791212400,2026-10-05T15:00:00Z,2026-10-05 10:00:00,15.8,0.0,0.0,0.0,0.0,0,7.0,9.0
1791216000,2026-10-05T16:00:00Z,2026-10-05 11:00:00,17.4,0.0,0.0,0.0,0.0,0,8.3,10.8
1791219600,2026-10-05T17:00:00Z,2026-10-05 12:00:00,17.6,0.0,0.0,0.0,0.0,0,7.9,10.8
1791223200,2026-10-05T18:00:00Z,2026-10-05 13:00:00,17.7,0.0,0.0,0.0,0.0,0,10.3,16.6
1791226800,2026-10-05T19:00:00Z,2026-10-05 14:00:00,17.6,0.0,0.0,0.0,0.0,0,12.6,14.0
1791230400,2026-10-05T20:00:00Z,2026-10-05 15:00:00,17.5,0.0,0.0,0.0,0.0,0,11.9,15.5
1791234000,2026-10-05T21:00:00Z,2026-10-05 16:00:00,17.1,0.0,0.0,0.0,0.0,2,11.1,14.0
1791237600,2026-10-05T22:00:00Z,2026-10-05 17:00:00,15.8,0.0,0.0,0.0,0.0,0,14.2,15.5
1791241200,2026-10-05T23:00:00Z,2026-10-05 18:00:00,14.5,0.0,0.0,0.0,0.0,0,12.3,15.5
1791244800,2026-10-06T00:00:00Z,2026-10-05 19:00:00,13.4,0.0,0.0,0.0,0.0,0,10.5,15.8
1791248400,2026-10-06T01:00:00Z,2026-10-05 20:00:00,13.2,0.0,0.0,0.0,0.0,0,10.1,15.8
1791252000,2026-10-06T02:00:00Z,2026-10-05 21:00:00,13.3,0.0,0.0,0.0,0.0,0,13.0,18.7
1791255600,2026-10-06T03:00:00Z,2026-10-05 22:00:00,13.5,0.0,0.0,0.0,0.0,0,10.6,18.0
1791259200,2026-10-06T04:00:00Z,2026-10-05 23:00:00,13.0,0.0,0.0,0.0,0.0,0,9.7,14.8
1791262800,2026-10-06T05:00:00Z,2026-10-06 00:00:00,12.6,0.0,0.0,0.0,0.0,0,10.7,19.4
1791266400,2026-10-06T06:00:00Z,2026-10-06 01:00:00,11.3,0.0,0.0,0.0,0.0,0,8.9,20.5
1791270000,2026-10-06T07:00:00Z,2026-10-06 02:00:00,10.4,0.0,0.0,0.0,0.0,0,10.3,17.3
1791273600,2026-10-06T08:00:00Z,2026-10-06 03:00:00,10.4,0.0,0.0,0.0,0.0,0,9.1,18.0
1791277200,2026-10-06T09:00:00Z,2026-10-06 04:00:00,10.2,0.0,0.0,0.0,0.0,0,10.0,19.8
1791280800,2026-10-06T10:00:00Z,2026-10-06 05:00:00,9.6,0.0,0.0,0.0,0.0,0,9.8,30.6
1791284400,2026-10-06T11:00:00Z,2026-10-06 06:00:00,9.3,0.0,0.0,0.0,0.0,0,10.8,40.3
1791288000,2026-10-06T12:00:00Z,2026-10-06 07:00:00,9.0,0.0,0.0,0.0,0.0,0,8.7,22.0
1791291600,2026-10-06T13:00:00Z,2026-10-06 08:00:00,10.0,0.0,0.0,0.0,0.0,1,10.9,32.0
1791295200,2026-10-06T14:00:00Z,2026-10-06 09:00:00,12.7,0.0,0.0,0.0,0.0,0,13.7,36.0
1791298800,2026-10-06T15:00:00Z,2026-10-06 10:00:00,15.5,0.0,0.0,0.0,0.0,0,15.8,34.9
1791302400,2026-10-06T16:00:00Z,2026-10-06 11:00:00,18.0,0.0,0.0,0.0,0.0,0,16.1,32.0
1791306000,2026-10-06T17:00:00Z,2026-10-06 12:00:00,19.8,0.0,0.0,0.0,0.0,0,14.8,28.1
1791309600,2026-10-06T18:00:00Z,2026-10-06 13:00:00,21.0,0.0,0.0,0.0,0.0,0,18.6,28.4
1791313200,2026-10-06T19:00:00Z,2026-10-06 14:00:00,22.3,0.0,0.0,0.0,0.0,0,17.5,27.4
1791316800,2026-10-06T20:00:00Z,2026-10-06 15:00:00,22.9,0.0,0.0,0.0,0.0,0,21.0,32.0
1791320400,2026-10-06T21:00:00Z,2026-10-06 16:00:00,22.8,0.0,0.0,0.0,0.0,0,19.5,31.7
1791324000,2026-10-06T22:00:00Z,2026-10-06 17:00:00,21.6,0.0,0.0,0.0,0.0,0,17.3,34.2
1791327600,2026-10-06T23:00:00Z,2026-10-06 18:00:00,19.3,0.0,0.0,0.0,0.0,0,12.8,36.7
1791331200,2026-10-07T00:00:00Z,2026-10-06 19:00:00,16.9,0.0,0.0,0.0,0.0,0,10.4,26.3
1791334800,2026-10-07T01:00:00Z,2026-10-06 20:00:00,15.9,0.0,0.0,0.0,0.0,0,12.1,26.6
1791338400,2026-10-07T02:00:00Z,2026-10-06 21:00:00,15.3,0.0,0.0,0.0,0.0,0,14.0,29.5
1791342000,2026-10-07T03:00:00Z,2026-10-06 22:00:00,14.7,0.0,0.0,0.0,0.0,0,13.4,35.6
1791345600,2026-10-07T04:00:00Z,2026-10-06 23:00:00,14.5,0.0,0.0,0.0,0.0,0,14.8,34.2
1791349200,2026-10-07T05:00:00Z,2026-10-07 00:00:00,14.0,0.0,0.0,0.0,0.0,0,12.3,32.0
1791352800,2026-10-07T06:00:00Z,2026-10-07 01:00:00,13.9,0.0,0.0,0.0,0.0,0,11.4,28.4
1791356400,2026-10-07T07:00:00Z,2026-10-07 02:00:00,13.5,0.0,0.0,0.0,0.0,0,14.2,29.2
1791360000,2026-10-07T08:00:00Z,2026-10-07 03:00:00,13.5,0.0,0.0,0.0,0.0,0,14.1,36.0
1791363600,2026-10-07T09:00:00Z,2026-10-07 04:00:00,13.2,0.0,0.0,0.0,0.0,0,13.9,28.8
1791367200,2026-10-07T10:00:00Z,2026-10-07 05:00:00,12.9,0.0,0.0,0.0,0.0,0,15.5,34.6
1791370800,2026-10-07T11:00:00Z,2026-10-07 06:00:00,12.6,0.0,0.0,0.0,0.0,0,14.1,33.5
1791374400,2026-10-07T12:00:00Z,2026-10-07 07:00:00,12.4,0.0,0.0,0.0,0.0,0,12.9,32.4
1791378000,2026-10-07T13:00:00Z,2026-10-07 08:00:00,13.4,0.0,0.0,0.0,0.0,0,10.7,27.0
1791381600,2026-10-07T14:00:00Z,2026-10-07 09:00:00,15.7,0.0,0.0,0.0,0.0,0,12.8,29.5
1791385200,2026-10-07T15:00:00Z,2026-10-07 10:00:00,18.0,0.0,0.0,0.0,0.0,0,14.2,26.3
1791388800,2026-10-07T16:00:00Z,2026-10-07 11:00:00,19.6,0.0,0.0,0.0,0.0,0,8.0,18.7
1791392400,2026-10-07T17:00:00Z,2026-10-07 12:00:00,21.4,0.0,0.0,0.0,0.0,0,9.7,12.6
1791396000,2026-10-07T18:00:00Z,2026-10-07 13:00:00,21.8,0.0,0.0,0.0,0.0,0,2.6,10.8
1791399600,2026-10-07T19:00:00Z,2026-10-07 14:00:00,23.1,0.0,0.0,0.0,0.0,0,6.1,13.0
1791403200,2026-10-07T20:00:00Z,2026-10-07 15:00:00,21.1,0.0,0.0,0.0,0.0,0,10.0,15.8
1791406800,2026-10-07T21:00:00Z,2026-10-07 16:00:00,20.3,0.0,0.0,0.0,0.0,0,7.4,20.2
1791410400,2026-10-07T22:00:00Z,2026-10-07 17:00:00,18.7,0.0,0.0,0.0,0.0,0,10.5,20.5
1791414000,2026-10-07T23:00:00Z,2026-10-07 18:00:00,18.6,0.0,0.0,0.0,0.0,0,2.2,9.4
1791417600,2026-10-08T00:00:00Z,2026-10-07 19:00:00,17.3,0.0,0.0,0.0,0.0,0,2.3,2.5
1791421200,2026-10-08T01:00:00Z,2026-10-07 20:00:00,15.7,0.0,0.0,0.0,0.0,0,5.8,5.8
1791424800,2026-10-08T02:00:00Z,2026-10-07 21:00:00,15.4,0.0,0.0,0.0,0.0,0,6.8,6.8
1791428400,2026-10-08T03:00:00Z,2026-10-07 22:00:00,14.8,0.0,0.0,0.0,0.0,0,9.3,28.4
1791432000,2026-10-08T04:00:00Z,2026-10-07 23:00:00,13.6,0.0,0.0,0.0,0.0,0,13.3,39.6
1791435600,2026-10-08T05:00:00Z,2026-10-08 00:00:00,13.0,0.0,0.0,0.0,0.0,0,6.5,22.3
1791439200,2026-10-08T06:00:00Z,2026-10-08 01:00:00,12.4,0.0,0.0,0.0,0.0,0,8.6,20.9
1791442800,2026-10-08T07:00:00Z,2026-10-08 02:00:00,11.8,0.0,0.0,0.0,0.0,0,11.4,25.9
1791446400,2026-10-08T08:00:00Z,2026-10-08 03:00:00,12.1,0.0,0.0,0.0,0.0,0,9.8,24.1
1791450000,2026-10-08T09:00:00Z,2026-10-08 04:00:00,11.7,0.0,0.0,0.0,0.0,0,10.8,25.2
1791453600,2026-10-08T10:00:00Z,2026-10-08 05:00:00,11.2,0.0,0.0,0.0,0.0,0,7.3,18.0
1791457200,2026-10-08T11:00:00Z,2026-10-08 06:00:00,10.1,0.0,0.0,0.0,0.0,0,5.9,18.0
1791460800,2026-10-08T12:00:00Z,2026-10-08 07:00:00,9.5,0.0,0.0,0.0,0.0,0,8.3,18.7
1791464400,2026-10-08T13:00:00Z,2026-10-08 08:00:00,10.8,0.0,0.0,0.0,0.0,0,10.2,22.0
1791468000,2026-10-08T14:00:00Z,2026-10-08 09:00:00,13.8,0.0,0.0,0.0,0.0,0,8.9,17.3
1791471600,2026-10-08T15:00:00Z,2026-10-08 10:00:00,16.7,0.0,0.0,0.0,0.0,0,8.0,10.8
1791475200,2026-10-08T16:00:00Z,2026-10-08 11:00:00,18.3,0.0,0.0,0.0,0.0,0,4.1,10.4
1791478800,2026-10-08T17:00:00Z,2026-10-08 12:00:00,19.9,0.0,0.0,0.0,0.0,0,5.7,15.1
1791482400,2026-10-08T18:00:00Z,2026-10-08 13:00:00,20.3,0.0,0.0,0.0,0.0,0,2.1,13.3
1791486000,2026-10-08T19:00:00Z,2026-10-08 14:00:00,21.3,0.0,0.0,0.0,0.0,0,4.4,14.8
1791489600,2026-10-08T20:00:00Z,2026-10-08 15:00:00,21.5,0.0,0.0,0.0,0.0,0,6.8,15.5
1791493200,2026-10-08T21:00:00Z,2026-10-08 16:00:00,20.4,0.0,0.0,0.0,0.0,0,9.6,18.7
1791496800,2026-10-08T22:00:00Z,2026-10-08 17:00:00,18.7,0.0,0.0,0.0,0.0,0,9.0,16.2
1791500400,2026-10-08T23:00:00Z,2026-10-08 18:00:00,16.4,0.0,0.0,0.0,0.0,0,12.1,17.3
1791504000,2026-10-09T00:00:00Z,2026-10-08 19:00:00,15.0,0.0,0.0,0.0,0.0,0,10.0,13.3
1791507600,2026-10-09T01:00:00Z,2026-10-08 20:00:00,13.9,0.0,0.0,0.0,0.0,0,7.0,8.3
1791511200,2026-10-09T02:00:00Z,2026-10-08 21:00:00,13.8,0.0,0.0,0.0,0.0,0,8.2,8.6
1791514800,2026-10-09T03:00:00Z,2026-10-08 22:00:00,12.8,0.0,0.0,0.0,0.0,0,6.3,8.6
1791518400,2026-10-09T04:00:00Z,2026-10-08 23:00:00,12.2,0.0,0.0,0.0,0.0,0,4.3,9.0
1791522000,2026-10-09T05:00:00Z,2026-10-09 00:00:00,11.6,0.0,0.0,0.0,0.0,0,5.8,11.5
1791525600,2026-10-09T06:00:00Z,2026-10-09 01:00:00,11.7,0.0,0.0,0.0,0.0,0,8.6,15.8
1791529200,2026-10-09T07:00:00Z,2026-10-09 02:00:00,11.9,0.0,0.0,0.0,0.0,0,8.0,18.0
1791532800,2026-10-09T08:00:00Z,2026-10-09 03:00:00,11.6,0.0,0.0,0.0,0.0,3,4.0,13.7
1791536400,2026-10-09T09:00:00Z,2026-10-09 04:00:00,11.0,0.0,0.0,0.0,0.0,3,8.3,19.8
1791540000,2026-10-09T10:00:00Z,2026-10-09 05:00:00,11.1,0.0,0.0,0.0,0.0,1,5.4,19.4
1791543600,2026-10-09T11:00:00Z,2026-10-09 06:00:00,11.6,0.0,0.0,0.0,0.0,3,7.9,28.4
1791547200,2026-10-09T12:00:00Z,2026-10-09 07:00:00,11.9,0.0,0.0,0.0,0.0,3,8.9,22.3
1791550800,2026-10-09T13:00:00Z,2026-10-09 08:00:00,12.9,0.0,0.0,0.0,0.0,3,8.7,14.4
1791554400,2026-10-09T14:00:00Z,2026-10-09 09:00:00,13.4,0.0,0.0,0.0,0.0,3,6.5,16.9
1791558000,2026-10-09T15:00:00Z,2026-10-09 10:00:00,14.9,0.0,0.0,0.0,0.0,3,11.4,16.9
1791561600,2026-10-09T16:00:00Z,2026-10-09 11:00:00,15.8,0.0,0.0,0.0,0.0,3,11.2,20.2
1791565200,2026-10-09T17:00:00Z,2026-10-09 12:00:00,18.2,0.0,0.0,0.0,0.0,3,7.8,25.9
1791568800,2026-10-09T18:00:00Z,2026-10-09 13:00:00,20.1,0.0,0.0,0.0,0.0,2,7.3,14.0
1791572400,2026-10-09T19:00:00Z,2026-10-09 14:00:00,21.1,0.0,0.0,0.0,0.0,3,5.4,7.6
1791576000,2026-10-09T20:00:00Z,2026-10-09 15:00:00,19.2,0.0,0.0,0.0,0.0,3,11.4,15.1
1791579600,2026-10-09T21:00:00Z,2026-10-09 16:00:00,18.0,0.0,0.0,0.0,0.0,1,8.8,11.2
1791583200,2026-10-09T22:00:00Z,2026-10-09 17:00:00,18.2,0.0,0.0,0.0,0.0,0,12.4,16.6
1791586800,2026-10-09T23:00:00Z,2026-10-09 18:00:00,17.4,0.0,0.0,0.0,0.0,0,11.6,20.5
1791590400,2026-10-10T00:00:00Z,2026-10-09 19:00:00,16.6,0.0,0.0,0.0,0.0,0,6.0,17.6
1791594000,2026-10-10T01:00:00Z,2026-10-09 20:00:00,17.0,0.0,0.0,0.0,0.0,0,8.9,19.8
1791597600,2026-10-10T02:00:00Z,2026-10-09 21:00:00,17.2,0.0,0.0,0.0,0.0,0,13.2,26.6
1791601200,2026-10-10T03:00:00Z,2026-10-09 22:00:00,16.7,0.0,0.0,0.0,0.0,0,10.6,19.1
1791604800,2026-10-10T04:00:00Z,2026-10-09 23:00:00,16.3,0.0,0.0,0.0,0.0,3,9.2,23.0
1791608400,2026-10-10T05:00:00Z,2026-10-10 00:00:00,16.1,0.0,0.0,0.0,0.0,0,9.7,22.0
1791612000,2026-10-10T06:00:00Z,2026-10-10 01:00:00,15.5,0.0,0.0,0.0,0.0,0,10.8,21.2
1791615600,2026-10-10T07:00:00Z,2026-10-10 02:00:00,15.5,0.0,0.0,0.0,0.0,0,14.0,29.9
1791619200,2026-10-10T08:00:00Z,2026-10-10 03:00:00,15.0,0.0,0.0,0.0,0.0,0,13.3,25.6
1791622800,2026-10-10T09:00:00Z,2026-10-10 04:00:00,14.6,0.0,0.0,0.0,0.0,0,12.3,27.4
1791626400,2026-10-10T10:00:00Z,2026-10-10 05:00:00,14.2,0.0,0.0,0.0,0.0,0,11.6,24.1
1791630000,2026-10-10T11:00:00Z,2026-10-10 06:00:00,13.6,0.0,0.0,0.0,0.0,0,9.4,29.2
1791633600,2026-10-10T12:00:00Z,2026-10-10 07:00:00,13.6,0.0,0.0,0.0,0.0,0,10.4,29.2
1791637200,2026-10-10T13:00:00Z,2026-10-10 08:00:00,14.4,0.0,0.0,0.0,0.0,0,10.4,29.2
1791640800,2026-10-10T14:00:00Z,2026-10-10 09:00:00,16.5,0.0,0.0,0.0,0.0,0,9.5,24.8
1791644400,2026-10-10T15:00:00Z,2026-10-10 10:00:00,18.8,0.0,0.0,0.0,0.0,1,16.6,41.4
1791648000,2026-10-10T16:00:00Z,2026-10-10 11:00:00,21.6,0.0,0.0,0.0,0.0,3,14.1,28.8
1791651600,2026-10-10T17:00:00Z,2026-10-10 12:00:00,24.1,0.0,0.0,0.0,0.0,3,15.7,37.4
1791655200,2026-10-10T18:00:00Z,2026-10-10 13:00:00,25.9,0.0,0.0,0.0,0.0,3,17.2,32.8
1791658800,2026-10-10T19:00:00Z,2026-10-10 14:00:00,26.7,0.0,0.0,0.0,0.0,3,18.9,31.7
1791662400,2026-10-10T20:00:00Z,2026-10-10 15:00:00,27.2,0.0,0.0,0.0,0.0,2,17.3,29.2
1791666000,2026-10-10T21:00:00Z,2026-10-10 16:00:00,26.9,0.0,0.0,0.0,0.0,3,17.3,31.7
1791669600,2026-10-10T22:00:00Z,2026-10-10 17:00:00,25.2,0.0,0.0,0.0,0.0,3,12.8,32.8
1791673200,2026-10-10T23:00:00Z,2026-10-10 18:00:00,22.1,0.0,0.0,0.0,0.0,3,11.6,20.9
