epoch,ts_utc,local_time,dow,hour,minute_of_day,route_id,route_name,trip_id,vehicle_id,stop_id,stop_name,stop_address,stop_lat,stop_lon,stop_index,prev_stop_id,dist_prev_m,prev_arrival_epoch,segment_s,speed_mps,dwell_s,passio_pred_epoch,passio_pred_lead_s,source
1791453586,2026-10-08T09:59:46Z,2026-10-08 04:59:46,3,4,299,5701,Drexel,501392,4327,8611,Drexel Garage,850 East 61st Street,41.78443,-87.60444,0,,,,,,57,,,proximity
1791453712,2026-10-08T10:01:52Z,2026-10-08 05:01:52,3,5,301,5700,Friend Center/Metra,499490,4316,8613,Wyler Pavilion,South Maryland Avenue,41.7888,-87.60487,1,,,,,,0,1791453605,140,transition
1791453737,2026-10-08T10:02:17Z,2026-10-08 05:02:17,3,5,302,5700,Friend Center/Metra,499490,4316,8615,Bernard Mitchell Hospital,South Maryland Avenue,41.78943,-87.60487,2,8613,95.8,1791453712,25,3.83,0,1791453611,165,transition
1791453754,2026-10-08T10:02:34Z,2026-10-08 05:02:34,3,5,302,5700,Friend Center/Metra,499490,4316,8616,58th Street & Drexel,850 East 58th Street,41.78951,-87.60392,3,8615,96.5,1791453737,17,5.68,0,1791453643,182,transition
1791453781,2026-10-08T10:03:01Z,2026-10-08 05:03:01,3,5,303,5700,Friend Center/Metra,499490,4316,8617,Comer Children's Hospital,South Drexel Avenue,41.79051,-87.60365,4,8616,127.0,1791453754,27,4.7,0,1791453748,145,transition
1791453791,2026-10-08T10:03:11Z,2026-10-08 05:03:11,3,5,303,5700,Friend Center/Metra,499490,4316,138838,S Drexel Ave & 57th St,South Drexel Avenue,41.79114,-87.60365,5,8617,70.1,1791453781,10,7.01,0,1791453756,155,transition
1791453880,2026-10-08T10:04:40Z,2026-10-08 05:04:40,3,5,304,5701,Drexel,501392,4327,8612,Goldblatt Pavilion,5801 South Ellis Avenue,41.78774,-87.60361,1,8611,1165.2,1791453586,294,4.92,20,1791453849,170,proximity
1791453892,2026-10-08T10:04:52Z,2026-10-08 05:04:52,3,5,304,5700,Friend Center/Metra,499490,4316,8635,Ellis Garage & Ratner Athletic Center (East),South Ellis Avenue,41.79432,-87.6013,6,138838,533.7,1791453791,101,5.28,0,1791453939,139,transition
1791453952,2026-10-08T10:05:52Z,2026-10-08 05:05:52,3,5,305,5701,Drexel,501392,4327,8613,Wyler Pavilion,South Maryland Avenue,41.7888,-87.60487,2,8612,207.8,1791453880,72,4.0,44,1791453907,125,proximity
1791453971,2026-10-08T10:06:11Z,2026-10-08 05:06:11,3,5,306,5700,Friend Center/Metra,499490,4316,8618,Ronald McDonald House & Friend Center,5444 South Drexel Avenue,41.79538,-87.60419,7,8635,368.5,1791453892,79,4.66,15,1791453999,155,proximity
1791454025,2026-10-08T10:07:05Z,2026-10-08 05:07:05,3,5,307,5701,Drexel,501392,4327,8615,Bernard Mitchell Hospital,South Maryland Avenue,41.78943,-87.60487,3,8613,95.8,1791453952,73,3.3,0,1791453933,124,transition
1791454402,2026-10-08T10:13:22Z,2026-10-08 05:13:22,3,5,313,5700,Friend Center/Metra,499490,4316,140009,55th Street & University,55th Street Bikeway,41.79501,-87.598,8,8618,702.6,1791453971,431,1.69,0,1791454437,126,transition
